video_name,xmin,xmax,clr_score,reg_score,label
video_test_0001098,0,255,0.45412713,0.09090942144393921,CleanAndJerk
video_test_0000270,0,255,0.07357901,0.014075092,SoccerPenalty
video_test_0000987,0,255,0.046216097,0.008264509,CleanAndJerk
video_test_0001038,0,255,0.42120668,0.09090937674045563,CleanAndJerk
video_test_0001223,0,255,0.049655937,0.0082645025,CleanAndJerk
video_test_0000372,0,255,0.49428228,0.09090939164161682,CleanAndJerk
video_test_0000577,90,251,0.3561195,0.1712448000907898,CleanAndJerk
video_test_0001072,0,255,0.400018,0.09090947359800339,CleanAndJerk
video_test_0000504,0,255,0.038420584,0.008264483,PoleVault
video_test_0000073,0,255,0.036732417,0.008264518,CleanAndJerk
video_test_0000887,0,255,0.04812385,0.008264496,CleanAndJerk
video_test_0000577,0,255,0.10116069,0.015885808,CleanAndJerk
video_test_0000671,215,218,0.48736843,0.2871454060077667,CleanAndJerk
video_test_0001098,0,255,0.051085092,0.008264519,CleanAndJerk
video_test_0000443,0,255,0.5499107,0.09090939164161682,CleanAndJerk
video_test_0000504,0,255,0.51084656,0.11659364402294159,PoleVault
video_test_0000504,1,255,0.038420584,0.008264483,PoleVault
video_test_0000113,0,255,0.07598483,0.018117445,CleanAndJerk
video_test_0001038,0,255,0.04098303,0.0082644895,CleanAndJerk
video_test_0000873,0,255,0.5214196,0.09090953320264816,SoccerPenalty
video_test_0000882,0,255,0.42172974,0.3921908140182495,CleanAndJerk
video_test_0001483,0,255,0.048004158,0.0082644755,CleanAndJerk
video_test_0001483,0,255,0.55823135,0.09090926498174667,CleanAndJerk
video_test_0000270,0,255,0.56735253,0.15482543408870697,SoccerPenalty
video_test_0000617,0,255,0.05044657,0.008264506,SoccerPenalty
video_test_0000946,0,255,0.04615762,0.008264482,CleanAndJerk
video_test_0000964,0,255,0.049121514,0.00826449,CleanAndJerk
video_test_0000756,0,255,0.51091665,0.2094300240278244,CleanAndJerk
video_test_0001267,0,255,0.041659802,0.008264506,CleanAndJerk
video_test_0000319,0,255,0.046729103,0.008264487,CleanAndJerk
video_test_0000444,0,255,0.03968775,0.008264521,CleanAndJerk
video_test_0000591,0,255,0.40407717,0.09090940654277802,CleanAndJerk
video_test_0001080,0,255,0.44681478,0.09090933948755264,Billiards
video_test_0001182,0,255,0.5430886,0.09090935438871384,CleanAndJerk
video_test_0000577,0,255,0.5825154,0.1712448000907898,CleanAndJerk
video_test_0000073,0,255,0.04662975,0.008264518,CleanAndJerk
video_test_0000372,0,255,0.41105288,0.09090939164161682,CleanAndJerk
video_test_0000442,0,255,0.42172337,0.09090936183929443,CleanAndJerk
video_test_0000577,90,251,0.5557945,0.1712448000907898,CleanAndJerk
video_test_0000319,0,255,0.516612,0.09090927988290787,CleanAndJerk
video_test_0000504,0,255,0.043640442,0.008264483,PoleVault
video_test_0000319,0,255,0.048490454,0.008264487,CleanAndJerk
video_test_0000964,0,255,0.051441018,0.00826449,CleanAndJerk
video_test_0001182,0,255,0.54405665,0.09090935438871384,CleanAndJerk
video_test_0000671,0,255,0.6295239,0.2871454060077667,CleanAndJerk
video_test_0000847,0,255,0.040646695,0.008264535,SoccerPenalty
video_test_0001223,0,255,0.039739437,0.0082645025,CleanAndJerk
video_test_0001223,0,255,0.51458335,0.09090937674045563,CleanAndJerk
video_test_0000113,236,242,0.40357795,0.13460105657577515,CleanAndJerk
video_test_0000756,0,255,0.12507091,0.043860935,CleanAndJerk
video_test_0001163,0,255,0.53142744,0.0909094288945198,CleanAndJerk
video_test_0000577,90,251,0.5907373,0.1712448000907898,CleanAndJerk
video_test_0000698,0,255,0.047214393,0.008264505,CleanAndJerk
video_test_0000541,0,255,0.03220415,0.008264504,SoccerPenalty
video_test_0000664,0,255,0.046802323,0.0082645165,CleanAndJerk
video_test_0001038,0,255,0.051206823,0.0082644895,CleanAndJerk
video_test_0001247,0,255,0.49713415,0.09090929478406906,CleanAndJerk
video_test_0000671,19,220,0.58809125,0.2871454060077667,CleanAndJerk
video_test_0000505,0,255,0.047012124,0.009599772,CleanAndJerk
video_test_0001038,0,255,0.47376022,0.09090937674045563,CleanAndJerk
video_test_0000028,0,255,0.04757131,0.008264515,CleanAndJerk
video_test_0001098,0,255,0.44846237,0.09090942144393921,CleanAndJerk
video_test_0001163,0,255,0.04831168,0.00826451,CleanAndJerk
video_test_0000591,0,255,0.030760327,0.008264512,CleanAndJerk
video_test_0001522,0,255,0.04125116,0.008264484,BaseballPitch
video_test_0000541,0,255,0.04192103,0.008264504,SoccerPenalty
video_test_0000505,0,255,0.053656735,0.009599772,CleanAndJerk
video_test_0001153,0,255,0.04835911,0.00826451,CleanAndJerk
video_test_0000873,0,255,0.032635245,0.008264527,SoccerPenalty
video_test_0000991,0,255,0.033617686,0.008264517,CleanAndJerk
video_test_0000964,0,255,0.5133691,0.09090936928987503,CleanAndJerk
video_test_0000671,19,220,0.60004604,0.2871454060077667,CleanAndJerk
video_test_0000847,0,255,0.039904404,0.008264535,SoccerPenalty
video_test_0000270,0,255,0.07831036,0.014075092,SoccerPenalty
video_test_0000701,0,255,0.0392682,0.008264529,CleanAndJerk
video_test_0000737,0,255,0.5272046,0.09090925753116608,CleanAndJerk
video_test_0000698,0,255,0.5062347,0.09090936183929443,CleanAndJerk
video_test_0000756,0,255,0.40462312,0.2094300240278244,CleanAndJerk
video_test_0000698,0,255,0.044268135,0.008264505,CleanAndJerk
video_test_0000505,1,255,0.042016413,0.008264491,CleanAndJerk
video_test_0000073,0,255,0.5373627,0.09090947359800339,CleanAndJerk
video_test_0000635,0,255,0.5204955,0.09090938419103622,SoccerPenalty
video_test_0001080,0,255,0.039463338,0.008264478,Billiards
video_test_0001522,0,255,0.39385706,0.09090948849916458,BaseballPitch
video_test_0001247,0,255,0.04362811,0.008264492,CleanAndJerk
video_test_0000882,138,239,0.5645153,0.110982246696949,CleanAndJerk
video_test_0001162,0,255,0.4441773,0.1782674640417099,CleanAndJerk
video_test_0000591,0,255,0.51993215,0.09090940654277802,CleanAndJerk
video_test_0000238,0,255,0.54776853,0.09090939164161682,PoleVault
video_test_0000698,0,255,0.046021435,0.008264505,CleanAndJerk
video_test_0001468,0,255,0.47962442,0.09090928733348846,SoccerPenalty
video_test_0000113,0,255,0.060167663,0.012236517,CleanAndJerk
video_test_0000505,0,255,0.053387064,0.009599772,CleanAndJerk
video_test_0000270,0,255,0.07724313,0.014075092,SoccerPenalty
video_test_0000505,0,255,0.04047297,0.008264491,CleanAndJerk
video_test_0001182,0,255,0.47663087,0.09090935438871384,CleanAndJerk
video_test_0001483,0,255,0.04999348,0.0082644755,CleanAndJerk
video_test_0000372,0,255,0.514194,0.09090939164161682,CleanAndJerk
video_test_0000113,236,242,0.68488175,0.13460105657577515,CleanAndJerk
video_test_0000541,0,255,0.046780914,0.008264504,SoccerPenalty
video_test_0000698,0,255,0.40461463,0.09090936183929443,CleanAndJerk
video_test_0000058,0,255,0.04590302,0.008264457,PoleVault
video_test_0000372,0,255,0.03475901,0.008264509,CleanAndJerk
video_test_0000319,0,255,0.0514019,0.008264487,CleanAndJerk
video_test_0000671,19,220,0.57639164,0.2871454060077667,CleanAndJerk
video_test_0000698,0,255,0.046201617,0.008264505,CleanAndJerk
video_test_0000319,0,255,0.5635442,0.09090927988290787,CleanAndJerk
video_test_0001182,0,255,0.049459837,0.008264511,CleanAndJerk
video_test_0001522,0,255,0.04715862,0.008264484,BaseballPitch
video_test_0000270,0,255,0.5361695,0.15482543408870697,SoccerPenalty
video_test_0000887,0,255,0.045915946,0.008264496,CleanAndJerk
video_test_0001072,0,255,0.5117616,0.09090947359800339,CleanAndJerk
video_test_0001468,0,255,0.5117719,0.09090928733348846,SoccerPenalty
video_test_0001556,0,255,0.03323075,0.008264509,SoccerPenalty
video_test_0001080,0,255,0.4934682,0.09090933948755264,Billiards
video_test_0000238,0,255,0.4340941,0.09090939164161682,PoleVault
video_test_0001118,0,255,0.5187593,0.09090928733348846,CleanAndJerk
video_test_0000443,0,255,0.04707427,0.008264517,CleanAndJerk
video_test_0000372,0,255,0.4208713,0.09090939164161682,CleanAndJerk
video_test_0000882,0,255,0.17459288,0.035653844,CleanAndJerk
video_test_0000319,0,255,0.56542045,0.09090927988290787,CleanAndJerk
video_test_0000882,0,255,0.50281656,0.3921908140182495,CleanAndJerk
video_test_0000577,0,255,0.5560221,0.1712448000907898,CleanAndJerk
video_test_0000946,0,255,0.047321737,0.008264482,CleanAndJerk
video_test_0001307,0,255,0.5162841,0.09090934693813324,SoccerPenalty
video_test_0000541,0,255,0.5145889,0.09090933948755264,SoccerPenalty
video_test_0000617,0,255,0.52505773,0.09090933203697205,SoccerPenalty
video_test_0000964,0,255,0.43266082,0.09090936928987503,CleanAndJerk
video_test_0000873,0,255,0.5362236,0.09090953320264816,SoccerPenalty
video_test_0000991,0,255,0.045990936,0.008264517,CleanAndJerk
video_test_0001072,0,255,0.049990505,0.008264525,CleanAndJerk
video_test_0001080,0,255,0.4952071,0.09090933948755264,Billiards
video_test_0000374,0,255,0.044787213,0.008264491,CleanAndJerk
video_test_0000698,0,255,0.5193572,0.09090936183929443,CleanAndJerk
video_test_0000442,0,255,0.03833852,0.008264494,CleanAndJerk
video_test_0000577,0,255,0.09849537,0.029324781,CleanAndJerk
video_test_0000698,191,255,0.036783226,0.008264505,CleanAndJerk
video_test_0000442,0,255,0.52046543,0.09090936183929443,CleanAndJerk
video_test_0000505,0,255,0.055179786,0.009599772,CleanAndJerk
video_test_0000577,0,255,0.610194,0.1712448000907898,CleanAndJerk
video_test_0000617,0,255,0.047257442,0.008264506,SoccerPenalty
video_test_0001123,0,255,0.053143494,0.008967882,CleanAndJerk
video_test_0001118,1,255,0.043357022,0.008264492,CleanAndJerk
video_test_0001307,0,255,0.5255235,0.09090934693813324,SoccerPenalty
video_test_0001483,0,255,0.4539347,0.09090926498174667,CleanAndJerk
video_test_0000028,0,254,0.037162367,0.008264515,CleanAndJerk
video_test_0000443,0,255,0.47345588,0.09090939164161682,CleanAndJerk
video_test_0000987,0,255,0.040046275,0.008264509,CleanAndJerk
video_test_0001038,0,255,0.4990032,0.09090937674045563,CleanAndJerk
video_test_0000374,0,255,0.419137,0.09090941399335861,CleanAndJerk
video_test_0000756,0,255,0.118148424,0.01903916,CleanAndJerk
video_test_0000671,0,255,0.18076488,0.032497678,CleanAndJerk
video_test_0000541,0,255,0.03749737,0.008264504,SoccerPenalty
video_test_0000073,0,255,0.52328223,0.09090947359800339,CleanAndJerk
video_test_0000324,0,255,0.5318741,0.09090935438871384,CleanAndJerk
video_test_0000664,0,255,0.53701955,0.09090938419103622,CleanAndJerk
video_test_0000701,0,255,0.04033425,0.008264529,CleanAndJerk
video_test_0000635,0,255,0.047317922,0.0082645165,SoccerPenalty
video_test_0000887,0,255,0.051867496,0.008264496,CleanAndJerk
video_test_0001038,0,255,0.047448862,0.0082644895,CleanAndJerk
video_test_0001247,0,255,0.045775242,0.008264492,CleanAndJerk
video_test_0000756,0,255,0.12652317,0.01903916,CleanAndJerk
video_test_0000873,0,255,0.04249071,0.008264527,SoccerPenalty
video_test_0001522,0,255,0.3874731,0.09090948849916458,BaseballPitch
video_test_0000671,215,218,0.53904545,0.2871454060077667,CleanAndJerk
video_test_0001267,0,255,0.03832711,0.008264506,CleanAndJerk
video_test_0000671,215,218,0.52445996,0.2871454060077667,CleanAndJerk
video_test_0000073,0,255,0.5237228,0.09090947359800339,CleanAndJerk
video_test_0000444,0,255,0.5166565,0.09090948104858398,CleanAndJerk
video_test_0001267,0,255,0.046126895,0.008264506,CleanAndJerk
video_test_0001468,0,255,0.04834543,0.008264499,SoccerPenalty
video_test_0000635,0,255,0.5321967,0.09090938419103622,SoccerPenalty
video_test_0001522,0,255,0.52054495,0.09090948849916458,BaseballPitch
video_test_0000617,0,255,0.047732648,0.008264506,SoccerPenalty
video_test_0001163,0,255,0.53417265,0.0909094288945198,CleanAndJerk
video_test_0001223,0,255,0.04160804,0.0082645025,CleanAndJerk
video_test_0001080,0,255,0.042654663,0.008264478,Billiards
video_test_0000873,0,255,0.51052207,0.09090953320264816,SoccerPenalty
video_test_0000635,0,255,0.554807,0.09090938419103622,SoccerPenalty
video_test_0000442,0,255,0.5504278,0.09090936183929443,CleanAndJerk
video_test_0000671,19,220,0.5912982,0.2871454060077667,CleanAndJerk
video_test_0000635,0,255,0.4062222,0.09090938419103622,SoccerPenalty
video_test_0001267,0,255,0.04333323,0.008264506,CleanAndJerk
video_test_0000617,0,255,0.50297594,0.09090933203697205,SoccerPenalty
video_test_0001008,0,255,0.42207792,0.09090934693813324,CleanAndJerk
video_test_0000873,0,255,0.049371596,0.008264527,SoccerPenalty
video_test_0000113,236,242,0.4697309,0.13460105657577515,CleanAndJerk
video_test_0001247,0,255,0.5055981,0.09090929478406906,CleanAndJerk
video_test_0001307,0,255,0.043120693,0.008264508,SoccerPenalty
video_test_0000442,0,255,0.047899578,0.008264494,CleanAndJerk
video_test_0000873,0,255,0.5210831,0.09090953320264816,SoccerPenalty
video_test_0000372,0,255,0.048108783,0.008264509,CleanAndJerk
video_test_0000882,0,255,0.19670057,0.035653844,CleanAndJerk
video_test_0001072,0,255,0.54989374,0.09090947359800339,CleanAndJerk
video_test_0000882,0,255,0.22015525,0.035653844,CleanAndJerk
video_test_0001153,0,255,0.50215495,0.09090939164161682,CleanAndJerk
video_test_0001307,0,255,0.038065292,0.008264508,SoccerPenalty
video_test_0000505,0,255,0.054817177,0.009599772,CleanAndJerk
video_test_0001008,0,255,0.51864374,0.09090934693813324,CleanAndJerk
video_test_0000882,138,239,0.39318937,0.110982246696949,CleanAndJerk
video_test_0000113,0,255,0.5223536,0.13460105657577515,CleanAndJerk
video_test_0000541,0,255,0.036715306,0.008264504,SoccerPenalty
video_test_0001182,0,255,0.04605891,0.008264511,CleanAndJerk
video_test_0000847,0,255,0.49334133,0.09090948849916458,SoccerPenalty
video_test_0000577,0,255,0.1048146,0.016702557,CleanAndJerk
video_test_0001307,0,255,0.5345046,0.09090934693813324,SoccerPenalty
video_test_0001072,0,255,0.5434781,0.09090947359800339,CleanAndJerk
video_test_0001080,0,255,0.49642044,0.09090933948755264,Billiards
video_test_0000698,0,255,0.04526454,0.008264505,CleanAndJerk
video_test_0000873,0,255,0.04641123,0.008264527,SoccerPenalty
video_test_0000270,0,255,0.47523856,0.15482543408870697,SoccerPenalty
video_test_0000756,0,255,0.5714007,0.2094300240278244,CleanAndJerk
video_test_0000617,0,255,0.049452394,0.008264506,SoccerPenalty
video_test_0000444,0,255,0.04465579,0.008264521,CleanAndJerk
video_test_0000505,0,255,0.050990224,0.009599772,CleanAndJerk
video_test_0000664,0,255,0.04347574,0.0082645165,CleanAndJerk
video_test_0000073,0,255,0.04333655,0.008264518,CleanAndJerk
video_test_0001162,0,255,0.56165534,0.1782674640417099,CleanAndJerk
video_test_0000028,0,255,0.049965035,0.008264515,CleanAndJerk
video_test_0000270,0,255,0.08556663,0.014075092,SoccerPenalty
video_test_0000372,0,255,0.038731154,0.008264509,CleanAndJerk
video_test_0000737,0,255,0.49358115,0.09090925753116608,CleanAndJerk
video_test_0000698,0,255,0.48694843,0.09090936183929443,CleanAndJerk
video_test_0000991,0,255,0.55488074,0.0909094288945198,CleanAndJerk
video_test_0000577,0,255,0.3582635,0.1712448000907898,CleanAndJerk
video_test_0001038,0,255,0.047829043,0.0082644895,CleanAndJerk
video_test_0001247,0,255,0.041037664,0.008264492,CleanAndJerk
video_test_0001483,0,255,0.5499285,0.09090926498174667,CleanAndJerk
video_test_0001522,0,255,0.038493134,0.008264484,BaseballPitch
video_test_0001118,0,255,0.5014609,0.09090928733348846,CleanAndJerk
video_test_0001483,43,187,0.040565986,0.0082644755,CleanAndJerk
video_test_0001072,0,255,0.5061519,0.09090947359800339,CleanAndJerk
video_test_0001080,4,255,0.03995544,0.008264478,Billiards
video_test_0001556,0,255,0.03217323,0.008264509,SoccerPenalty
video_test_0001118,0,255,0.39854792,0.09090928733348846,CleanAndJerk
video_test_0000737,0,255,0.54515386,0.09090925753116608,CleanAndJerk
video_test_0001080,0,255,0.04512909,0.008264478,Billiards
video_test_0000443,0,255,0.039354417,0.008264517,CleanAndJerk
video_test_0000882,138,239,0.5234964,0.110982246696949,CleanAndJerk
video_test_0000946,0,255,0.53127885,0.0909091979265213,CleanAndJerk
video_test_0001008,0,255,0.43177906,0.09090934693813324,CleanAndJerk
video_test_0001163,0,255,0.5423937,0.0909094288945198,CleanAndJerk
video_test_0001267,0,255,0.5147772,0.09090933203697205,CleanAndJerk
video_test_0000987,0,255,0.046767995,0.008264509,CleanAndJerk
video_test_0000505,0,255,0.51911527,0.15165284276008606,CleanAndJerk
video_test_0000882,0,255,0.6287168,0.3921908140182495,CleanAndJerk
video_test_0000737,0,255,0.050964456,0.008264493,CleanAndJerk
video_test_0000591,0,255,0.5050238,0.09090940654277802,CleanAndJerk
video_test_0001163,0,255,0.53366655,0.0909094288945198,CleanAndJerk
video_test_0001556,0,255,0.04796152,0.008264509,SoccerPenalty
video_test_0000577,0,255,0.55407095,0.1712448000907898,CleanAndJerk
video_test_0000946,0,255,0.046075296,0.008264482,CleanAndJerk
video_test_0001468,0,255,0.46801367,0.09090928733348846,SoccerPenalty
video_test_0001162,0,255,0.07397065,0.016206212,CleanAndJerk
video_test_0001468,0,255,0.043207396,0.008264499,SoccerPenalty
video_test_0001267,0,255,0.5261704,0.09090933203697205,CleanAndJerk
video_test_0000987,0,255,0.42308432,0.09090946614742279,CleanAndJerk
video_test_0000238,0,255,0.52976036,0.09090939164161682,PoleVault
video_test_0000028,0,255,0.4654552,0.09090937674045563,CleanAndJerk
video_test_0000113,0,255,0.46035796,0.13460105657577515,CleanAndJerk
video_test_0000701,0,255,0.5334132,0.09090955555438995,CleanAndJerk
video_test_0000737,0,255,0.5074915,0.09090925753116608,CleanAndJerk
video_test_0000882,0,255,0.45706105,0.3921908140182495,CleanAndJerk
video_test_0000617,0,255,0.55638456,0.09090933203697205,SoccerPenalty
video_test_0000882,0,255,0.25133786,0.15381363,CleanAndJerk
video_test_0000617,0,255,0.51983047,0.09090933203697205,SoccerPenalty
video_test_0001483,0,255,0.5111605,0.09090926498174667,CleanAndJerk
video_test_0001153,0,255,0.048511222,0.00826451,CleanAndJerk
video_test_0000987,0,255,0.5083763,0.09090946614742279,CleanAndJerk
video_test_0001098,0,255,0.041284416,0.008264519,CleanAndJerk
video_test_0001153,0,255,0.046998125,0.00826451,CleanAndJerk
video_test_0000505,0,255,0.50812596,0.15165284276008606,CleanAndJerk
video_test_0001162,0,255,0.5330038,0.1782674640417099,CleanAndJerk
video_test_0000505,0,255,0.52254915,0.15165284276008606,CleanAndJerk
video_test_0001522,0,255,0.037676007,0.008264484,BaseballPitch
video_test_0000443,0,255,0.047928143,0.008264517,CleanAndJerk
video_test_0000504,0,255,0.42262688,0.11659364402294159,PoleVault
video_test_0001072,0,255,0.046912845,0.008264525,CleanAndJerk
video_test_0001267,0,255,0.59478146,0.09090933203697205,CleanAndJerk
video_test_0000324,0,255,0.04893742,0.008264496,CleanAndJerk
video_test_0000887,0,255,0.527811,0.09090938419103622,CleanAndJerk
video_test_0000873,0,255,0.04886857,0.008264527,SoccerPenalty
video_test_0000987,0,255,0.5394331,0.09090946614742279,CleanAndJerk
video_test_0001483,0,255,0.54348,0.09090926498174667,CleanAndJerk
video_test_0001223,0,255,0.04679546,0.0082645025,CleanAndJerk
video_test_0000442,0,255,0.04410706,0.008264494,CleanAndJerk
video_test_0000113,236,242,0.50893104,0.13460105657577515,CleanAndJerk
video_test_0000737,0,255,0.04377744,0.008264493,CleanAndJerk
video_test_0000882,138,239,0.640856,0.110982246696949,CleanAndJerk
video_test_0000964,0,255,0.039315615,0.00826449,CleanAndJerk
video_test_0001038,0,255,0.5261194,0.09090937674045563,CleanAndJerk
video_test_0000505,0,255,0.05840835,0.009599772,CleanAndJerk
video_test_0000987,0,255,0.04598852,0.008264509,CleanAndJerk
video_test_0001307,0,255,0.038166463,0.008264508,SoccerPenalty
video_test_0001468,0,255,0.04652482,0.008264499,SoccerPenalty
video_test_0001556,0,255,0.04375402,0.008264509,SoccerPenalty
video_test_0000591,0,255,0.045911364,0.008264512,CleanAndJerk
video_test_0000443,0,255,0.48871288,0.09090939164161682,CleanAndJerk
video_test_0001223,17,255,0.039739437,0.0082645025,CleanAndJerk
video_test_0000238,0,255,0.50423014,0.09090939164161682,PoleVault
video_test_0001163,0,255,0.46993148,0.0909094288945198,CleanAndJerk
video_test_0001468,0,255,0.043602314,0.008264499,SoccerPenalty
video_test_0001162,0,255,0.10427517,0.016206212,CleanAndJerk
video_test_0000701,0,255,0.0423876,0.008264529,CleanAndJerk
video_test_0001008,0,255,0.47084814,0.09090934693813324,CleanAndJerk
video_test_0000113,236,242,0.51933086,0.13460105657577515,CleanAndJerk
video_test_0000698,0,255,0.44803333,0.09090936183929443,CleanAndJerk
video_test_0000671,0,255,0.16754054,0.05867861,CleanAndJerk
video_test_0000028,0,255,0.50728077,0.09090937674045563,CleanAndJerk
video_test_0001098,0,255,0.5626176,0.09090942144393921,CleanAndJerk
video_test_0001098,0,255,0.038881786,0.008264519,CleanAndJerk
video_test_0000238,0,255,0.03342768,0.008264469,PoleVault
video_test_0000073,0,255,0.04724188,0.008264518,CleanAndJerk
video_test_0000319,0,255,0.4422719,0.09090927988290787,CleanAndJerk
video_test_0000073,0,255,0.54268897,0.09090947359800339,CleanAndJerk
video_test_0000073,0,255,0.049449425,0.008264518,CleanAndJerk
video_test_0000737,0,255,0.5560934,0.09090925753116608,CleanAndJerk
video_test_0000756,0,255,0.108200125,0.01903916,CleanAndJerk
video_test_0000444,0,255,0.43656406,0.09090948104858398,CleanAndJerk
video_test_0000504,0,255,0.053768184,0.01059941,PoleVault
video_test_0001307,0,255,0.038960494,0.008264508,SoccerPenalty
video_test_0001080,0,255,0.04061949,0.008264478,Billiards
video_test_0001008,0,255,0.047149565,0.008264509,CleanAndJerk
video_test_0001182,0,255,0.5066466,0.09090935438871384,CleanAndJerk
video_test_0000756,0,255,0.09808514,0.01903916,CleanAndJerk
video_test_0000882,138,239,0.56096506,0.110982246696949,CleanAndJerk
video_test_0001483,0,255,0.4279242,0.09090926498174667,CleanAndJerk
video_test_0000442,0,255,0.51731807,0.09090936183929443,CleanAndJerk
video_test_0001307,0,255,0.43441942,0.09090934693813324,SoccerPenalty
video_test_0001247,0,255,0.042205863,0.008264492,CleanAndJerk
video_test_0000541,0,255,0.5138897,0.09090933948755264,SoccerPenalty
video_test_0001008,0,255,0.052731,0.008264509,CleanAndJerk
video_test_0001118,0,255,0.042584874,0.008264492,CleanAndJerk
video_test_0001123,0,255,0.053700134,0.008967882,CleanAndJerk
video_test_0000319,0,255,0.5333946,0.09090927988290787,CleanAndJerk
video_test_0001307,0,255,0.4285643,0.09090934693813324,SoccerPenalty
video_test_0000987,0,255,0.51444715,0.09090946614742279,CleanAndJerk
video_test_0001468,0,255,0.039495755,0.008264499,SoccerPenalty
video_test_0000504,0,255,0.51523983,0.11659364402294159,PoleVault
video_test_0000058,0,143,0.040497854,0.008264457,PoleVault
video_test_0000701,0,255,0.04533051,0.008264529,CleanAndJerk
video_test_0000671,19,220,0.5721097,0.2871454060077667,CleanAndJerk
video_test_0000372,0,255,0.5291954,0.09090939164161682,CleanAndJerk
video_test_0000964,0,255,0.51458436,0.09090936928987503,CleanAndJerk
video_test_0000671,19,220,0.5616914,0.2871454060077667,CleanAndJerk
video_test_0001008,0,255,0.03532847,0.008264509,CleanAndJerk
video_test_0001123,0,255,0.051898826,0.008967882,CleanAndJerk
video_test_0001182,0,255,0.046069197,0.008264511,CleanAndJerk
video_test_0001267,0,255,0.054071184,0.008264506,CleanAndJerk
video_test_0001468,0,255,0.04918426,0.008264499,SoccerPenalty
video_test_0001163,0,255,0.040494807,0.00826451,CleanAndJerk
video_test_0000541,0,255,0.045434605,0.008264504,SoccerPenalty
video_test_0000374,0,255,0.043029163,0.008264491,CleanAndJerk
video_test_0000671,19,220,0.6295239,0.2871454060077667,CleanAndJerk
video_test_0000617,0,255,0.5439749,0.09090933203697205,SoccerPenalty
video_test_0000887,0,255,0.048170306,0.008264496,CleanAndJerk
video_test_0000374,0,255,0.4733208,0.09090941399335861,CleanAndJerk
video_test_0001038,0,255,0.03829152,0.0082644895,CleanAndJerk
video_test_0001223,0,255,0.04448923,0.0082645025,CleanAndJerk
video_test_0000887,0,255,0.047517277,0.008264496,CleanAndJerk
video_test_0001522,0,255,0.048939336,0.008264484,BaseballPitch
video_test_0000443,0,255,0.51781523,0.09090939164161682,CleanAndJerk
video_test_0000073,0,255,0.4416393,0.09090947359800339,CleanAndJerk
video_test_0001038,0,255,0.52577764,0.09090937674045563,CleanAndJerk
video_test_0001080,0,255,0.044860706,0.008264478,Billiards
video_test_0001247,0,255,0.0482527,0.008264492,CleanAndJerk
video_test_0000058,0,255,0.5233757,0.09090929478406906,PoleVault
video_test_0001307,0,255,0.53482616,0.09090934693813324,SoccerPenalty
video_test_0000882,0,255,0.22000535,0.035653844,CleanAndJerk
video_test_0000113,236,242,0.46492612,0.13460105657577515,CleanAndJerk
video_test_0000671,0,255,0.16427867,0.053359337,CleanAndJerk
video_test_0000319,0,255,0.037136804,0.008264487,CleanAndJerk
video_test_0000698,0,255,0.40223706,0.09090936183929443,CleanAndJerk
video_test_0000442,0,255,0.50583655,0.09090936183929443,CleanAndJerk
video_test_0000701,0,255,0.5250809,0.09090955555438995,CleanAndJerk
video_test_0000443,0,255,0.041785773,0.008264517,CleanAndJerk
video_test_0000113,0,255,0.06366786,0.012236517,CleanAndJerk
video_test_0001153,0,255,0.3469634,0.09090939164161682,CleanAndJerk
video_test_0000444,0,255,0.4046172,0.09090948104858398,CleanAndJerk
video_test_0000698,0,255,0.04073039,0.008264505,CleanAndJerk
video_test_0001267,0,255,0.04679805,0.008264506,CleanAndJerk
video_test_0000991,0,255,0.05044385,0.008264517,CleanAndJerk
video_test_0001162,0,255,0.41494197,0.1782674640417099,CleanAndJerk
video_test_0000058,0,255,0.44547775,0.09090929478406906,PoleVault
video_test_0000887,0,255,0.050397012,0.008264496,CleanAndJerk
video_test_0001182,0,255,0.044594217,0.008264511,CleanAndJerk
video_test_0001223,0,255,0.3879755,0.09090937674045563,CleanAndJerk
video_test_0001247,0,255,0.52572906,0.09090929478406906,CleanAndJerk
video_test_0001162,0,255,0.091403,0.016206212,CleanAndJerk
video_test_0000987,0,255,0.048715904,0.008264509,CleanAndJerk
video_test_0000270,0,255,0.5076523,0.15482543408870697,SoccerPenalty
video_test_0001556,0,255,0.38775522,0.09090935438871384,SoccerPenalty
video_test_0000444,0,255,0.040420845,0.008264521,CleanAndJerk
video_test_0000591,0,255,0.05063279,0.008264512,CleanAndJerk
video_test_0000073,0,255,0.04832034,0.008264518,CleanAndJerk
video_test_0001153,0,255,0.53948563,0.09090939164161682,CleanAndJerk
video_test_0001098,0,255,0.040769435,0.008264519,CleanAndJerk
video_test_0001522,0,255,0.03143735,0.008264484,BaseballPitch
video_test_0000374,0,255,0.49541375,0.09090941399335861,CleanAndJerk
video_test_0000698,0,255,0.048979755,0.008264505,CleanAndJerk
video_test_0000617,0,255,0.031913523,0.008264506,SoccerPenalty
video_test_0001468,0,255,0.042651936,0.008264499,SoccerPenalty
video_test_0000756,0,255,0.56249183,0.2094300240278244,CleanAndJerk
video_test_0000372,0,255,0.045994356,0.008264509,CleanAndJerk
video_test_0000671,0,255,0.16581683,0.08245248,CleanAndJerk
video_test_0000847,0,255,0.45525396,0.09090948849916458,SoccerPenalty
video_test_0001483,0,255,0.041728284,0.0082644755,CleanAndJerk
video_test_0000701,0,255,0.52981526,0.09090955555438995,CleanAndJerk
video_test_0000991,0,255,0.054826625,0.008264517,CleanAndJerk
video_test_0000987,0,255,0.533634,0.09090946614742279,CleanAndJerk
video_test_0001556,0,255,0.5372375,0.09090935438871384,SoccerPenalty
video_test_0000113,0,255,0.09376003,0.015511365,CleanAndJerk
video_test_0000238,0,255,0.03776533,0.008264469,PoleVault
video_test_0000113,0,255,0.057124272,0.012236517,CleanAndJerk
video_test_0001182,0,255,0.0466517,0.008264511,CleanAndJerk
video_test_0001118,0,255,0.04450004,0.008264492,CleanAndJerk
video_test_0001468,0,255,0.45750597,0.09090928733348846,SoccerPenalty
video_test_0000635,0,255,0.5521748,0.09090938419103622,SoccerPenalty
video_test_0000887,0,255,0.50507504,0.09090938419103622,CleanAndJerk
video_test_0000504,0,255,0.037865583,0.008264483,PoleVault
video_test_0000847,0,255,0.526756,0.09090948849916458,SoccerPenalty
video_test_0000113,0,255,0.48513776,0.13460105657577515,CleanAndJerk
video_test_0000698,0,255,0.53877616,0.09090936183929443,CleanAndJerk
video_test_0000324,0,255,0.033407893,0.008264496,CleanAndJerk
video_test_0000504,0,255,0.048976194,0.008264483,PoleVault
video_test_0000946,0,255,0.50386107,0.0909091979265213,CleanAndJerk
video_test_0000073,0,255,0.047550432,0.008264518,CleanAndJerk
video_test_0000028,0,255,0.5155327,0.09090937674045563,CleanAndJerk
video_test_0000073,0,255,0.5321079,0.09090947359800339,CleanAndJerk
video_test_0000577,0,255,0.5751729,0.1712448000907898,CleanAndJerk
video_test_0000113,0,255,0.065300055,0.012236517,CleanAndJerk
video_test_0001072,0,255,0.03411342,0.008264525,CleanAndJerk
video_test_0001247,0,255,0.4799086,0.09090929478406906,CleanAndJerk
video_test_0001307,0,255,0.04251193,0.008264508,SoccerPenalty
video_test_0000701,0,255,0.47239304,0.09090955555438995,CleanAndJerk
video_test_0000737,0,255,0.048730973,0.008264493,CleanAndJerk
video_test_0001153,0,255,0.40256464,0.09090939164161682,CleanAndJerk
video_test_0001307,0,255,0.047593925,0.008264508,SoccerPenalty
video_test_0000504,0,255,0.5008417,0.11659364402294159,PoleVault
video_test_0000987,0,255,0.5358741,0.09090946614742279,CleanAndJerk
video_test_0000270,0,255,0.49890462,0.15482543408870697,SoccerPenalty
video_test_0000442,0,255,0.5268949,0.09090936183929443,CleanAndJerk
video_test_0000444,0,255,0.049877524,0.008264521,CleanAndJerk
video_test_0000664,0,255,0.5148239,0.09090938419103622,CleanAndJerk
video_test_0000664,0,255,0.52467585,0.09090938419103622,CleanAndJerk
video_test_0000671,0,255,0.16978857,0.05363786,CleanAndJerk
video_test_0000324,0,255,0.05182415,0.008264496,CleanAndJerk
video_test_0000698,0,255,0.51604617,0.09090936183929443,CleanAndJerk
video_test_0000991,0,255,0.4674639,0.0909094288945198,CleanAndJerk
video_test_0000617,0,255,0.4014617,0.09090933203697205,SoccerPenalty
video_test_0001182,0,255,0.5131672,0.09090935438871384,CleanAndJerk
video_test_0000591,0,255,0.0452748,0.008264512,CleanAndJerk
video_test_0001008,0,255,0.048389707,0.008264509,CleanAndJerk
video_test_0001468,0,255,0.047836266,0.008264499,SoccerPenalty
video_test_0001483,0,255,0.039305143,0.0082644755,CleanAndJerk
video_test_0000319,0,255,0.40850455,0.09090927988290787,CleanAndJerk
video_test_0001072,0,255,0.43261647,0.09090947359800339,CleanAndJerk
video_test_0001162,0,255,0.5849366,0.1782674640417099,CleanAndJerk
video_test_0000372,0,255,0.036930546,0.008264509,CleanAndJerk
video_test_0000701,0,255,0.04816516,0.008264529,CleanAndJerk
video_test_0001118,0,255,0.043416977,0.008264492,CleanAndJerk
video_test_0001307,0,255,0.048179895,0.008264508,SoccerPenalty
video_test_0000113,0,253,0.036999322,0.008264541,CleanAndJerk
video_test_0000635,0,255,0.047608003,0.0082645165,SoccerPenalty
video_test_0000058,0,255,0.453162,0.09090929478406906,PoleVault
video_test_0001267,0,255,0.50847447,0.09090933203697205,CleanAndJerk
video_test_0001468,0,243,0.0413676,0.008264499,SoccerPenalty
video_test_0000505,0,255,0.5531235,0.15165284276008606,CleanAndJerk
video_test_0001307,0,255,0.47432637,0.09090934693813324,SoccerPenalty
video_test_0000270,0,255,0.53137666,0.15482543408870697,SoccerPenalty
video_test_0001468,0,255,0.043761514,0.008264499,SoccerPenalty
video_test_0001247,0,255,0.5003084,0.09090929478406906,CleanAndJerk
video_test_0000591,0,255,0.047657285,0.008264512,CleanAndJerk
video_test_0000324,0,255,0.038417146,0.008264496,CleanAndJerk
video_test_0000882,0,255,0.4451733,0.3921908140182495,CleanAndJerk
video_test_0000028,0,255,0.042314243,0.008264515,CleanAndJerk
video_test_0000504,0,255,0.05102587,0.008264483,PoleVault
video_test_0000964,0,255,0.046398994,0.00826449,CleanAndJerk
video_test_0000058,0,255,0.04179216,0.008264457,PoleVault
video_test_0000505,0,255,0.48287427,0.15165284276008606,CleanAndJerk
video_test_0001483,0,255,0.050748285,0.0082644755,CleanAndJerk
video_test_0000319,0,255,0.43009955,0.09090927988290787,CleanAndJerk
video_test_0000756,0,255,0.08474023,0.01903916,CleanAndJerk
video_test_0000058,0,255,0.52025163,0.09090929478406906,PoleVault
video_test_0000737,0,255,0.04613568,0.008264493,CleanAndJerk
video_test_0001008,0,255,0.038023837,0.008264509,CleanAndJerk
video_test_0000737,0,255,0.04646293,0.008264493,CleanAndJerk
video_test_0000635,0,255,0.04605501,0.0082645165,SoccerPenalty
video_test_0001182,0,255,0.52328676,0.09090935438871384,CleanAndJerk
video_test_0001247,0,255,0.530779,0.09090929478406906,CleanAndJerk
video_test_0000113,0,255,0.5645188,0.13460105657577515,CleanAndJerk
video_test_0000443,0,255,0.53138816,0.09090939164161682,CleanAndJerk
video_test_0001153,0,255,0.51697814,0.09090939164161682,CleanAndJerk
video_test_0000073,0,255,0.04997836,0.008264518,CleanAndJerk
video_test_0000671,0,255,0.5721097,0.2871454060077667,CleanAndJerk
video_test_0000324,0,255,0.03508326,0.008264496,CleanAndJerk
video_test_0001038,0,255,0.04854017,0.0082644895,CleanAndJerk
video_test_0000946,0,255,0.49866545,0.0909091979265213,CleanAndJerk
video_test_0000887,0,255,0.5538543,0.09090938419103622,CleanAndJerk
video_test_0000238,0,255,0.5087252,0.09090939164161682,PoleVault
video_test_0001038,0,255,0.04557593,0.0082644895,CleanAndJerk
video_test_0000887,0,255,0.047214538,0.008264496,CleanAndJerk
video_test_0000324,30,255,0.039649144,0.008264496,CleanAndJerk
video_test_0000444,0,255,0.54824215,0.09090948104858398,CleanAndJerk
video_test_0001123,0,255,0.053663332,0.008967882,CleanAndJerk
video_test_0000671,215,218,0.53469294,0.2871454060077667,CleanAndJerk
video_test_0001072,0,255,0.53973037,0.09090947359800339,CleanAndJerk
video_test_0001468,0,255,0.04159154,0.008264499,SoccerPenalty
video_test_0000058,0,255,0.48114467,0.09090929478406906,PoleVault
video_test_0000324,0,255,0.04249225,0.008264496,CleanAndJerk
video_test_0000324,0,255,0.5424743,0.09090935438871384,CleanAndJerk
video_test_0000698,0,255,0.47990978,0.09090936183929443,CleanAndJerk
video_test_0000372,0,255,0.42604172,0.09090939164161682,CleanAndJerk
video_test_0001080,0,255,0.04501879,0.008264478,Billiards
video_test_0001098,0,255,0.57232064,0.09090942144393921,CleanAndJerk
video_test_0001098,0,255,0.04969491,0.008264519,CleanAndJerk
video_test_0000617,0,255,0.04913778,0.008264506,SoccerPenalty
video_test_0000964,0,255,0.56585103,0.09090936928987503,CleanAndJerk
video_test_0001080,0,255,0.044043966,0.008264478,Billiards
video_test_0000443,0,255,0.46258014,0.09090939164161682,CleanAndJerk
video_test_0000882,0,255,0.640856,0.3921908140182495,CleanAndJerk
video_test_0001008,0,255,0.04660934,0.008264509,CleanAndJerk
video_test_0000737,0,255,0.049559534,0.008264493,CleanAndJerk
video_test_0000591,0,255,0.55695933,0.09090940654277802,CleanAndJerk
video_test_0001163,0,255,0.04856125,0.00826451,CleanAndJerk
video_test_0001556,0,255,0.5354018,0.09090935438871384,SoccerPenalty
video_test_0000270,0,255,0.078597486,0.014075092,SoccerPenalty
video_test_0001080,0,255,0.5090576,0.09090933948755264,Billiards
video_test_0000270,0,255,0.076875634,0.014075092,SoccerPenalty
video_test_0000671,19,220,0.5784887,0.2871454060077667,CleanAndJerk
video_test_0000847,0,255,0.50003797,0.09090948849916458,SoccerPenalty
video_test_0000372,0,255,0.04341686,0.008264509,CleanAndJerk
video_test_0000504,0,255,0.5387387,0.11659364402294159,PoleVault
video_test_0000442,0,255,0.041700017,0.008264494,CleanAndJerk
video_test_0000591,0,255,0.035137642,0.008264512,CleanAndJerk
video_test_0000756,0,255,0.5641427,0.2094300240278244,CleanAndJerk
video_test_0000577,0,255,0.6120746,0.1712448000907898,CleanAndJerk
video_test_0000756,0,255,0.11966846,0.02898881,CleanAndJerk
video_test_0000873,0,255,0.047401916,0.008264527,SoccerPenalty
video_test_0000504,0,255,0.04529304,0.008264483,PoleVault
video_test_0000372,0,255,0.046745013,0.008264509,CleanAndJerk
video_test_0000887,0,255,0.04304894,0.008264496,CleanAndJerk
video_test_0000964,0,255,0.5403365,0.09090936928987503,CleanAndJerk
video_test_0000443,0,255,0.048308175,0.008264517,CleanAndJerk
video_test_0001163,0,255,0.04272113,0.00826451,CleanAndJerk
video_test_0000873,0,255,0.03244965,0.008264527,SoccerPenalty
video_test_0000444,0,255,0.4446281,0.09090948104858398,CleanAndJerk
video_test_0000671,0,255,0.58809125,0.2871454060077667,CleanAndJerk
video_test_0000635,0,255,0.5307528,0.09090938419103622,SoccerPenalty
video_test_0001008,0,255,0.5486871,0.09090934693813324,CleanAndJerk
video_test_0000887,0,255,0.046214644,0.008264496,CleanAndJerk
video_test_0001223,0,255,0.52122957,0.09090937674045563,CleanAndJerk
video_test_0000319,0,255,0.039099988,0.008264487,CleanAndJerk
video_test_0000505,0,255,0.5869362,0.15165284276008606,CleanAndJerk
video_test_0000964,0,255,0.029832607,0.00826449,CleanAndJerk
video_test_0000372,0,255,0.42010632,0.09090939164161682,CleanAndJerk
video_test_0001153,0,255,0.045686953,0.00826451,CleanAndJerk
video_test_0000964,0,255,0.43288875,0.09090936928987503,CleanAndJerk
video_test_0000319,0,255,0.040206566,0.008264487,CleanAndJerk
video_test_0000444,0,255,0.048842873,0.008264521,CleanAndJerk
video_test_0000664,0,255,0.048820116,0.0082645165,CleanAndJerk
video_test_0001123,0,255,0.5338181,0.09864646196365356,CleanAndJerk
video_test_0000887,0,255,0.53504694,0.09090938419103622,CleanAndJerk
video_test_0000946,0,255,0.50682765,0.0909091979265213,CleanAndJerk
video_test_0000991,0,255,0.04893845,0.008264517,CleanAndJerk
video_test_0001072,0,255,0.43179902,0.09090947359800339,CleanAndJerk
video_test_0000113,0,255,0.58413756,0.13460105657577515,CleanAndJerk
video_test_0000887,0,255,0.0447452,0.008264496,CleanAndJerk
video_test_0000946,0,255,0.048298135,0.008264482,CleanAndJerk
video_test_0001123,0,255,0.05154147,0.008967882,CleanAndJerk
video_test_0000443,0,255,0.043041587,0.008264517,CleanAndJerk
video_test_0001123,0,255,0.04685878,0.0082645025,CleanAndJerk
video_test_0000847,0,255,0.041386906,0.008264535,SoccerPenalty
video_test_0001038,0,255,0.047797974,0.0082644895,CleanAndJerk
video_test_0000444,0,255,0.046968903,0.008264521,CleanAndJerk
video_test_0000541,0,255,0.046717346,0.008264504,SoccerPenalty
video_test_0000737,0,255,0.045032788,0.008264493,CleanAndJerk
video_test_0000737,0,255,0.52428335,0.09090925753116608,CleanAndJerk
video_test_0000756,0,255,0.5362246,0.2094300240278244,CleanAndJerk
video_test_0000991,0,255,0.046796277,0.008264517,CleanAndJerk
video_test_0000319,0,255,0.5301084,0.09090927988290787,CleanAndJerk
video_test_0000443,0,255,0.52720785,0.09090939164161682,CleanAndJerk
video_test_0001556,0,255,0.048839908,0.008264509,SoccerPenalty
video_test_0000847,0,255,0.05117598,0.008264535,SoccerPenalty
video_test_0000671,0,255,0.5774664,0.2871454060077667,CleanAndJerk
video_test_0001072,0,255,0.046013962,0.008264525,CleanAndJerk
video_test_0000991,0,255,0.04802819,0.008264517,CleanAndJerk
video_test_0000270,0,255,0.04615038,0.008264524,SoccerPenalty
video_test_0000964,0,255,0.03933281,0.00826449,CleanAndJerk
video_test_0001123,0,255,0.5481309,0.09864646196365356,CleanAndJerk
video_test_0000577,90,251,0.5560221,0.1712448000907898,CleanAndJerk
video_test_0000671,215,218,0.5753754,0.2871454060077667,CleanAndJerk
video_test_0000324,0,255,0.03978363,0.008264496,CleanAndJerk
video_test_0000701,0,255,0.3557127,0.09090955555438995,CleanAndJerk
video_test_0000887,0,255,0.047982853,0.008264496,CleanAndJerk
video_test_0000504,0,255,0.047755476,0.008264483,PoleVault
video_test_0000664,0,255,0.04068974,0.0082645165,CleanAndJerk
video_test_0000442,0,255,0.5246634,0.09090936183929443,CleanAndJerk
video_test_0000058,0,255,0.040497854,0.008264457,PoleVault
video_test_0000701,0,255,0.03461446,0.008264529,CleanAndJerk
video_test_0001267,0,255,0.4582566,0.09090933203697205,CleanAndJerk
video_test_0000617,0,254,0.044599432,0.008264506,SoccerPenalty
video_test_0001098,0,255,0.42769828,0.09090942144393921,CleanAndJerk
video_test_0001556,0,255,0.50828975,0.09090935438871384,SoccerPenalty
video_test_0000671,0,255,0.5912982,0.2871454060077667,CleanAndJerk
video_test_0001223,0,255,0.05250755,0.0082645025,CleanAndJerk
video_test_0001522,0,255,0.030880716,0.008264484,BaseballPitch
video_test_0001098,0,255,0.04937861,0.008264519,CleanAndJerk
video_test_0001556,0,255,0.043910522,0.008264509,SoccerPenalty
video_test_0000073,0,255,0.5497606,0.09090947359800339,CleanAndJerk
video_test_0000541,0,255,0.41247016,0.09090933948755264,SoccerPenalty
video_test_0000671,215,218,0.5593459,0.2871454060077667,CleanAndJerk
video_test_0000671,0,255,0.6660621,0.2871454060077667,CleanAndJerk
video_test_0000887,0,255,0.57054204,0.09090938419103622,CleanAndJerk
video_test_0001123,0,255,0.5695346,0.09864646196365356,CleanAndJerk
video_test_0000372,0,255,0.50657415,0.09090939164161682,CleanAndJerk
video_test_0001118,0,255,0.031661563,0.008264492,CleanAndJerk
video_test_0000887,0,255,0.04864067,0.008264496,CleanAndJerk
video_test_0000756,0,255,0.5971967,0.2094300240278244,CleanAndJerk
video_test_0001182,0,255,0.5068867,0.09090935438871384,CleanAndJerk
video_test_0000991,1,255,0.041446112,0.008264517,CleanAndJerk
video_test_0000756,0,255,0.10700129,0.01903916,CleanAndJerk
video_test_0001163,0,255,0.04889909,0.00826451,CleanAndJerk
video_test_0000701,0,255,0.41197786,0.09090955555438995,CleanAndJerk
video_test_0000737,0,255,0.044871096,0.008264493,CleanAndJerk
video_test_0001008,0,255,0.4993622,0.09090934693813324,CleanAndJerk
video_test_0001223,0,255,0.04678038,0.0082645025,CleanAndJerk
video_test_0000946,0,255,0.46143165,0.0909091979265213,CleanAndJerk
video_test_0000701,0,255,0.042944945,0.008264529,CleanAndJerk
video_test_0001556,0,255,0.52757525,0.09090935438871384,SoccerPenalty
video_test_0000617,0,255,0.045725208,0.008264506,SoccerPenalty
video_test_0001162,0,255,0.09840529,0.016206212,CleanAndJerk
video_test_0000664,0,255,0.49056852,0.09090938419103622,CleanAndJerk
video_test_0000577,0,255,0.061190158,0.015567765,CleanAndJerk
video_test_0000113,0,255,0.07898494,0.015418447,CleanAndJerk
video_test_0001247,0,255,0.04596353,0.008264492,CleanAndJerk
video_test_0000987,0,255,0.049014345,0.008264509,CleanAndJerk
video_test_0000882,0,255,0.22656704,0.043526217,CleanAndJerk
video_test_0000671,0,255,0.60004604,0.2871454060077667,CleanAndJerk
video_test_0000873,0,255,0.04874774,0.008264527,SoccerPenalty
video_test_0000442,0,255,0.04763064,0.008264494,CleanAndJerk
video_test_0000737,0,255,0.047927774,0.008264493,CleanAndJerk
video_test_0001038,0,255,0.5339418,0.09090937674045563,CleanAndJerk
video_test_0000238,0,255,0.36770543,0.09090939164161682,PoleVault
video_test_0000319,0,255,0.04696476,0.008264487,CleanAndJerk
video_test_0000701,0,255,0.046417277,0.008264529,CleanAndJerk
video_test_0001118,0,255,0.03388605,0.008264492,CleanAndJerk
video_test_0001123,0,255,0.5387268,0.09864646196365356,CleanAndJerk
video_test_0001267,0,255,0.049208082,0.008264506,CleanAndJerk
video_test_0001483,0,255,0.04478724,0.0082644755,CleanAndJerk
video_test_0001038,0,255,0.045363933,0.0082644895,CleanAndJerk
video_test_0000113,236,242,0.41000032,0.13460105657577515,CleanAndJerk
video_test_0001038,0,255,0.042709704,0.0082644895,CleanAndJerk
video_test_0000058,0,255,0.5570082,0.09090929478406906,PoleVault
video_test_0000873,0,255,0.543086,0.09090953320264816,SoccerPenalty
video_test_0001162,0,255,0.10256661,0.016961398,CleanAndJerk
video_test_0000442,0,255,0.050038934,0.008264494,CleanAndJerk
video_test_0000319,0,255,0.051231332,0.008264487,CleanAndJerk
video_test_0000374,0,255,0.5075592,0.09090941399335861,CleanAndJerk
video_test_0001153,0,255,0.033746626,0.00826451,CleanAndJerk
video_test_0000991,0,255,0.40574044,0.0909094288945198,CleanAndJerk
video_test_0000443,0,255,0.049835674,0.008264517,CleanAndJerk
video_test_0001080,0,255,0.04666373,0.008264478,Billiards
video_test_0001118,0,255,0.03623168,0.008264492,CleanAndJerk
video_test_0000270,0,255,0.49653104,0.15482543408870697,SoccerPenalty
video_test_0000946,0,255,0.5035967,0.0909091979265213,CleanAndJerk
video_test_0000374,0,255,0.03810336,0.008264491,CleanAndJerk
video_test_0000882,0,255,0.06062153,0.010089333,CleanAndJerk
video_test_0000964,0,255,0.5537195,0.09090936928987503,CleanAndJerk
video_test_0000617,0,255,0.43163353,0.09090933203697205,SoccerPenalty
video_test_0001080,0,255,0.5423761,0.09090933948755264,Billiards
video_test_0001118,0,255,0.048791528,0.008264492,CleanAndJerk
video_test_0001098,0,255,0.5466423,0.09090942144393921,CleanAndJerk
video_test_0000671,0,255,0.5784887,0.2871454060077667,CleanAndJerk
video_test_0000591,0,255,0.5096447,0.09090940654277802,CleanAndJerk
video_test_0000238,0,255,0.048159912,0.008264469,PoleVault
video_test_0000664,0,255,0.044597283,0.0082645165,CleanAndJerk
video_test_0000073,0,255,0.47670087,0.09090947359800339,CleanAndJerk
video_test_0001098,0,255,0.57078403,0.09090942144393921,CleanAndJerk
video_test_0001080,0,255,0.39523733,0.09090933948755264,Billiards
video_test_0000324,0,255,0.39948073,0.09090935438871384,CleanAndJerk
video_test_0000541,0,255,0.04756651,0.008264504,SoccerPenalty
video_test_0000664,0,255,0.048617866,0.0082645165,CleanAndJerk
video_test_0000505,0,255,0.059851892,0.009599772,CleanAndJerk
video_test_0000577,0,255,0.10007758,0.016841028,CleanAndJerk
video_test_0001247,0,255,0.047793616,0.008264492,CleanAndJerk
video_test_0001307,0,255,0.4410404,0.09090934693813324,SoccerPenalty
video_test_0001008,0,255,0.05204762,0.008264509,CleanAndJerk
video_test_0000591,0,255,0.51109046,0.09090940654277802,CleanAndJerk
video_test_0001153,0,255,0.4236823,0.09090939164161682,CleanAndJerk
video_test_0000028,0,255,0.5356305,0.09090937674045563,CleanAndJerk
video_test_0000664,0,255,0.4475857,0.09090938419103622,CleanAndJerk
video_test_0000319,0,255,0.5443805,0.09090927988290787,CleanAndJerk
video_test_0000444,0,255,0.0492041,0.008264521,CleanAndJerk
video_test_0000617,0,255,0.49425688,0.09090933203697205,SoccerPenalty
video_test_0000324,0,255,0.046592385,0.008264496,CleanAndJerk
video_test_0000617,0,255,0.039239515,0.008264506,SoccerPenalty
video_test_0000028,0,255,0.05048809,0.008264515,CleanAndJerk
video_test_0000698,0,243,0.04073039,0.008264505,CleanAndJerk
video_test_0000964,0,255,0.03812658,0.00826449,CleanAndJerk
video_test_0000442,0,255,0.04093269,0.008264494,CleanAndJerk
video_test_0000028,0,255,0.44355288,0.09090937674045563,CleanAndJerk
video_test_0000058,0,255,0.52163446,0.09090929478406906,PoleVault
video_test_0000444,0,255,0.051072907,0.008264521,CleanAndJerk
video_test_0001118,0,255,0.043357022,0.008264492,CleanAndJerk
video_test_0000991,0,255,0.04565273,0.008264517,CleanAndJerk
video_test_0000058,0,255,0.036157563,0.008264457,PoleVault
video_test_0000374,0,255,0.5278814,0.09090941399335861,CleanAndJerk
video_test_0001098,0,255,0.56193423,0.09090942144393921,CleanAndJerk
video_test_0000238,0,255,0.032314938,0.008264469,PoleVault
video_test_0000882,0,255,0.05239927,0.009977908,CleanAndJerk
video_test_0000987,0,255,0.048512254,0.008264509,CleanAndJerk
video_test_0001163,0,255,0.049308617,0.00826451,CleanAndJerk
video_test_0000058,0,255,0.5049347,0.09090929478406906,PoleVault
video_test_0001223,0,255,0.38546705,0.09090937674045563,CleanAndJerk
video_test_0001468,0,255,0.43445238,0.09090928733348846,SoccerPenalty
video_test_0001182,0,255,0.04107799,0.008264511,CleanAndJerk
video_test_0000671,0,255,0.17230046,0.028437471,CleanAndJerk
video_test_0000882,138,239,0.44101462,0.110982246696949,CleanAndJerk
video_test_0000270,0,255,0.07607716,0.014075092,SoccerPenalty
video_test_0000541,0,255,0.38805184,0.09090933948755264,SoccerPenalty
video_test_0001038,0,255,0.57262063,0.09090937674045563,CleanAndJerk
video_test_0000671,0,255,0.1688677,0.060898464,CleanAndJerk
video_test_0000873,0,255,0.40340948,0.09090953320264816,SoccerPenalty
video_test_0000028,0,255,0.046866752,0.008264515,CleanAndJerk
video_test_0000270,0,255,0.0878406,0.023970915,SoccerPenalty
video_test_0000664,0,255,0.04435682,0.0082645165,CleanAndJerk
video_test_0000058,0,255,0.04181956,0.008264457,PoleVault
video_test_0001267,0,255,0.42159706,0.09090933203697205,CleanAndJerk
video_test_0001307,0,255,0.49456722,0.09090934693813324,SoccerPenalty
video_test_0001307,0,255,0.040536832,0.008264508,SoccerPenalty
video_test_0001123,0,255,0.056182574,0.009731124,CleanAndJerk
video_test_0000577,0,255,0.10449255,0.019575974,CleanAndJerk
video_test_0000319,0,255,0.049107864,0.008264487,CleanAndJerk
video_test_0000374,0,255,0.037998606,0.008264491,CleanAndJerk
video_test_0000504,0,223,0.037865583,0.008264483,PoleVault
video_test_0000847,0,255,0.05032031,0.008264535,SoccerPenalty
video_test_0000873,0,255,0.50953716,0.09090953320264816,SoccerPenalty
video_test_0000058,0,255,0.041196425,0.008264457,PoleVault
video_test_0000847,0,255,0.5221381,0.09090948849916458,SoccerPenalty
video_test_0001468,0,255,0.5410257,0.09090928733348846,SoccerPenalty
video_test_0000847,0,255,0.047887117,0.008264535,SoccerPenalty
video_test_0000058,0,255,0.05063696,0.008264457,PoleVault
video_test_0001038,0,255,0.4698067,0.09090937674045563,CleanAndJerk
video_test_0000113,236,242,0.5216085,0.13460105657577515,CleanAndJerk
video_test_0001098,0,255,0.050649364,0.008264519,CleanAndJerk
video_test_0000442,0,255,0.047696713,0.008264494,CleanAndJerk
video_test_0000028,0,255,0.04377579,0.008264515,CleanAndJerk
video_test_0001153,0,255,0.048422486,0.00826451,CleanAndJerk
video_test_0001162,0,255,0.03868031,0.008264503,CleanAndJerk
video_test_0000324,0,255,0.50559825,0.09090935438871384,CleanAndJerk
video_test_0000887,0,255,0.05021553,0.008264496,CleanAndJerk
video_test_0001267,0,255,0.52624357,0.09090933203697205,CleanAndJerk
video_test_0000698,0,255,0.04341844,0.008264505,CleanAndJerk
video_test_0000505,0,255,0.5055722,0.15165284276008606,CleanAndJerk
video_test_0000505,0,255,0.4452019,0.15165284276008606,CleanAndJerk
video_test_0000964,0,255,0.049941868,0.00826449,CleanAndJerk
video_test_0000873,0,255,0.38090408,0.09090953320264816,SoccerPenalty
video_test_0000671,215,218,0.53644496,0.2871454060077667,CleanAndJerk
video_test_0001223,0,255,0.046725284,0.0082645025,CleanAndJerk
video_test_0000701,0,255,0.044573463,0.008264529,CleanAndJerk
video_test_0001267,0,255,0.045936827,0.008264506,CleanAndJerk
video_test_0001008,0,255,0.5800394,0.09090934693813324,CleanAndJerk
video_test_0000991,0,255,0.046667147,0.008264517,CleanAndJerk
video_test_0000577,0,255,0.094881766,0.019232208,CleanAndJerk
video_test_0001163,0,255,0.50011015,0.0909094288945198,CleanAndJerk
video_test_0001123,0,255,0.526692,0.09864646196365356,CleanAndJerk
video_test_0000073,0,255,0.53152245,0.09090947359800339,CleanAndJerk
video_test_0000664,0,255,0.047697958,0.0082645165,CleanAndJerk
video_test_0000887,0,255,0.52268964,0.09090938419103622,CleanAndJerk
video_test_0000991,0,255,0.5532356,0.0909094288945198,CleanAndJerk
video_test_0001163,0,255,0.03876322,0.00826451,CleanAndJerk
video_test_0001307,0,255,0.52997744,0.09090934693813324,SoccerPenalty
video_test_0001468,0,255,0.5261978,0.09090928733348846,SoccerPenalty
video_test_0001483,0,255,0.040669627,0.0082644755,CleanAndJerk
video_test_0000671,19,220,0.5618909,0.2871454060077667,CleanAndJerk
video_test_0001556,0,255,0.04563278,0.008264509,SoccerPenalty
video_test_0000238,0,255,0.04624763,0.008264469,PoleVault
video_test_0000635,0,255,0.03688467,0.0082645165,SoccerPenalty
video_test_0000882,0,255,0.17925514,0.035653844,CleanAndJerk
video_test_0000324,0,255,0.43761945,0.09090935438871384,CleanAndJerk
video_test_0000664,0,255,0.051350363,0.0082645165,CleanAndJerk
video_test_0000964,0,255,0.38514024,0.09090936928987503,CleanAndJerk
video_test_0001247,0,255,0.538366,0.09090929478406906,CleanAndJerk
video_test_0000238,0,255,0.5313362,0.09090939164161682,PoleVault
video_test_0000073,0,255,0.036829695,0.008264518,CleanAndJerk
video_test_0000442,0,255,0.04731508,0.008264494,CleanAndJerk
video_test_0000664,0,255,0.48792344,0.09090938419103622,CleanAndJerk
video_test_0000671,0,254,0.18669805,0.056572907,CleanAndJerk
video_test_0000444,0,255,0.5372701,0.09090948104858398,CleanAndJerk
video_test_0001483,0,255,0.046122562,0.0082644755,CleanAndJerk
video_test_0000664,0,255,0.051183574,0.0082645165,CleanAndJerk
video_test_0000635,0,255,0.050197873,0.0082645165,SoccerPenalty
video_test_0001118,0,255,0.04958254,0.008264492,CleanAndJerk
video_test_0000319,0,255,0.046810158,0.008264487,CleanAndJerk
video_test_0001162,0,255,0.111471534,0.03177929,CleanAndJerk
video_test_0001522,0,255,0.045839578,0.008264484,BaseballPitch
video_test_0001468,0,255,0.5317986,0.09090928733348846,SoccerPenalty
video_test_0001072,0,255,0.035318814,0.008264525,CleanAndJerk
video_test_0001118,0,255,0.47692657,0.09090928733348846,CleanAndJerk
video_test_0001118,0,255,0.48949975,0.09090928733348846,CleanAndJerk
video_test_0001123,0,255,0.52248675,0.09864646196365356,CleanAndJerk
video_test_0000635,0,255,0.54255944,0.09090938419103622,SoccerPenalty
video_test_0000504,0,255,0.046440545,0.008264483,PoleVault
video_test_0001153,0,255,0.53264606,0.09090939164161682,CleanAndJerk
video_test_0000991,0,255,0.51333714,0.0909094288945198,CleanAndJerk
video_test_0001008,0,255,0.0428045,0.008264509,CleanAndJerk
video_test_0001182,0,255,0.5129405,0.09090935438871384,CleanAndJerk
video_test_0001098,0,255,0.543163,0.09090942144393921,CleanAndJerk
video_test_0001223,0,255,0.43713307,0.09090937674045563,CleanAndJerk
video_test_0000374,0,255,0.047989216,0.008264491,CleanAndJerk
video_test_0000504,0,255,0.5914507,0.11659364402294159,PoleVault
video_test_0000987,0,242,0.039110433,0.008264509,CleanAndJerk
video_test_0001080,0,255,0.48448405,0.09090933948755264,Billiards
video_test_0001118,0,255,0.043674417,0.008264492,CleanAndJerk
video_test_0001223,0,255,0.57758206,0.09090937674045563,CleanAndJerk
video_test_0000671,215,218,0.6230084,0.2871454060077667,CleanAndJerk
video_test_0000946,0,255,0.046211228,0.008264482,CleanAndJerk
video_test_0000987,0,255,0.38010505,0.09090946614742279,CleanAndJerk
video_test_0000443,0,255,0.55179965,0.09090939164161682,CleanAndJerk
video_test_0000577,0,255,0.58441234,0.1712448000907898,CleanAndJerk
video_test_0000887,0,255,0.52936196,0.09090938419103622,CleanAndJerk
video_test_0001182,0,255,0.04031911,0.008264511,CleanAndJerk
video_test_0000442,0,255,0.04598518,0.008264494,CleanAndJerk
video_test_0001223,0,255,0.5462144,0.09090937674045563,CleanAndJerk
video_test_0000443,0,255,0.04999205,0.008264517,CleanAndJerk
video_test_0001080,0,255,0.035930634,0.008264478,Billiards
video_test_0001123,0,255,0.044768233,0.0082645025,CleanAndJerk
video_test_0001123,0,255,0.04876462,0.008967882,CleanAndJerk
video_test_0000737,0,255,0.04457413,0.008264493,CleanAndJerk
video_test_0001098,0,255,0.051147215,0.008264519,CleanAndJerk
video_test_0001162,0,255,0.09501724,0.016206212,CleanAndJerk
video_test_0000073,0,255,0.42256644,0.09090947359800339,CleanAndJerk
video_test_0001123,0,255,0.054071177,0.008967882,CleanAndJerk
video_test_0000671,0,255,0.16611038,0.055662803,CleanAndJerk
video_test_0000324,0,255,0.51706773,0.09090935438871384,CleanAndJerk
video_test_0000541,0,255,0.4014723,0.09090933948755264,SoccerPenalty
video_test_0000324,0,255,0.53831106,0.09090935438871384,CleanAndJerk
video_test_0000238,0,255,0.4717683,0.09090939164161682,PoleVault
video_test_0000444,0,255,0.04516706,0.008264521,CleanAndJerk
video_test_0000113,0,255,0.6965772,0.13460105657577515,CleanAndJerk
video_test_0001072,0,255,0.03893066,0.008264525,CleanAndJerk
video_test_0001162,0,255,0.5127296,0.1782674640417099,CleanAndJerk
video_test_0000372,0,255,0.0460523,0.008264509,CleanAndJerk
video_test_0000847,0,255,0.04746731,0.008264535,SoccerPenalty
video_test_0000058,0,255,0.03991496,0.008264457,PoleVault
video_test_0000238,0,255,0.039463002,0.008264469,PoleVault
video_test_0000442,0,255,0.4586998,0.09090936183929443,CleanAndJerk
video_test_0000882,0,255,0.56096506,0.3921908140182495,CleanAndJerk
video_test_0001182,0,255,0.046080746,0.008264511,CleanAndJerk
video_test_0000737,0,255,0.49535975,0.09090925753116608,CleanAndJerk
video_test_0000319,1,255,0.03860716,0.008264487,CleanAndJerk
video_test_0000444,0,255,0.032962665,0.008264521,CleanAndJerk
video_test_0001163,0,255,0.53788894,0.0909094288945198,CleanAndJerk
video_test_0000058,0,255,0.041885547,0.008264457,PoleVault
video_test_0001556,0,255,0.046902087,0.008264509,SoccerPenalty
video_test_0000987,0,255,0.56864405,0.09090946614742279,CleanAndJerk
video_test_0000541,0,255,0.50796825,0.09090933948755264,SoccerPenalty
video_test_0000737,0,255,0.5360397,0.09090925753116608,CleanAndJerk
video_test_0000671,19,220,0.6542593,0.2871454060077667,CleanAndJerk
video_test_0000946,0,255,0.045333277,0.008264482,CleanAndJerk
video_test_0001072,0,255,0.049407262,0.008264525,CleanAndJerk
video_test_0000577,0,255,0.09517691,0.022477357,CleanAndJerk
video_test_0001118,0,255,0.372746,0.09090928733348846,CleanAndJerk
video_test_0000577,0,255,0.095215894,0.015567765,CleanAndJerk
video_test_0000847,0,255,0.046909336,0.008264535,SoccerPenalty
video_test_0000664,0,255,0.5630175,0.09090938419103622,CleanAndJerk
video_test_0001098,0,255,0.55714124,0.09090942144393921,CleanAndJerk
video_test_0000238,0,255,0.04288792,0.008264469,PoleVault
video_test_0001072,0,255,0.039254587,0.008264525,CleanAndJerk
video_test_0001162,0,255,0.55509967,0.1782674640417099,CleanAndJerk
video_test_0000946,0,255,0.045781575,0.008264482,CleanAndJerk
video_test_0000671,215,218,0.5226447,0.2871454060077667,CleanAndJerk
video_test_0000028,0,255,0.48378783,0.09090937674045563,CleanAndJerk
video_test_0000882,0,255,0.051031604,0.008264499,CleanAndJerk
video_test_0000987,0,255,0.051694993,0.008264509,CleanAndJerk
video_test_0000987,0,255,0.050335597,0.008264509,CleanAndJerk
video_test_0000577,0,255,0.5907373,0.1712448000907898,CleanAndJerk
video_test_0001123,0,255,0.05055357,0.008967882,CleanAndJerk
video_test_0000505,0,255,0.5188518,0.15165284276008606,CleanAndJerk
video_test_0000541,0,255,0.52323043,0.09090933948755264,SoccerPenalty
video_test_0000882,0,255,0.24657696,0.04304552,CleanAndJerk
video_test_0000964,0,255,0.039353535,0.00826449,CleanAndJerk
video_test_0001182,0,255,0.042568002,0.008264511,CleanAndJerk
video_test_0001182,0,255,0.049371835,0.008264511,CleanAndJerk
video_test_0000324,0,255,0.037305433,0.008264496,CleanAndJerk
video_test_0000374,0,255,0.5128312,0.09090941399335861,CleanAndJerk
video_test_0000505,0,255,0.054789357,0.009599772,CleanAndJerk
video_test_0000847,0,255,0.038274452,0.008264535,SoccerPenalty
video_test_0001307,0,255,0.048591457,0.008264508,SoccerPenalty
video_test_0001098,0,254,0.041284416,0.008264519,CleanAndJerk
video_test_0000324,0,255,0.049315903,0.008264496,CleanAndJerk
video_test_0000444,0,255,0.04733635,0.008264521,CleanAndJerk
video_test_0000847,0,255,0.45723805,0.09090948849916458,SoccerPenalty
video_test_0000058,0,255,0.4607424,0.09090929478406906,PoleVault
video_test_0000374,0,255,0.049603287,0.008264491,CleanAndJerk
video_test_0000324,0,255,0.045963526,0.008264496,CleanAndJerk
video_test_0000504,0,255,0.5253108,0.11659364402294159,PoleVault
video_test_0001468,0,255,0.04254679,0.008264499,SoccerPenalty
video_test_0000319,0,255,0.51491135,0.09090927988290787,CleanAndJerk
video_test_0000443,0,255,0.43289715,0.09090939164161682,CleanAndJerk
video_test_0000541,0,255,0.04766597,0.008264504,SoccerPenalty
video_test_0000113,0,255,0.5868077,0.13460105657577515,CleanAndJerk
video_test_0000442,0,255,0.5239366,0.09090936183929443,CleanAndJerk
video_test_0000737,0,255,0.5110913,0.09090925753116608,CleanAndJerk
video_test_0000577,90,251,0.5751729,0.1712448000907898,CleanAndJerk
video_test_0001080,0,255,0.04627792,0.008264478,Billiards
video_test_0001267,0,255,0.050608996,0.008264506,CleanAndJerk
video_test_0001080,0,255,0.0323491,0.008264478,Billiards
video_test_0000577,90,251,0.55407095,0.1712448000907898,CleanAndJerk
video_test_0000664,0,255,0.5648522,0.09090938419103622,CleanAndJerk
video_test_0000946,0,255,0.52757484,0.0909091979265213,CleanAndJerk
video_test_0001247,0,255,0.52298796,0.09090929478406906,CleanAndJerk
video_test_0000270,0,255,0.5057978,0.15482543408870697,SoccerPenalty
video_test_0000991,0,255,0.04249684,0.008264517,CleanAndJerk
video_test_0000887,0,255,0.5083607,0.09090938419103622,CleanAndJerk
video_test_0000987,0,255,0.03846227,0.008264509,CleanAndJerk
video_test_0001080,0,255,0.4692017,0.09090933948755264,Billiards
video_test_0001163,0,255,0.42639458,0.0909094288945198,CleanAndJerk
video_test_0000444,0,255,0.04632233,0.008264521,CleanAndJerk
video_test_0000443,0,255,0.04630364,0.008264517,CleanAndJerk
video_test_0000504,0,255,0.42683235,0.11659364402294159,PoleVault
video_test_0000505,0,255,0.06197888,0.016014133,CleanAndJerk
video_test_0001123,0,255,0.05265927,0.008967882,CleanAndJerk
video_test_0001522,0,255,0.5383337,0.09090948849916458,BaseballPitch
video_test_0001556,0,255,0.049677625,0.008264509,SoccerPenalty
video_test_0000505,0,255,0.56679374,0.15165284276008606,CleanAndJerk
video_test_0000964,0,255,0.5493604,0.09090936928987503,CleanAndJerk
video_test_0000113,0,255,0.0396405,0.008264541,CleanAndJerk
video_test_0001153,0,255,0.031405024,0.00826451,CleanAndJerk
video_test_0001223,0,255,0.5147492,0.09090937674045563,CleanAndJerk
video_test_0000617,0,255,0.5405141,0.09090933203697205,SoccerPenalty
video_test_0000372,0,255,0.5379081,0.09090939164161682,CleanAndJerk
video_test_0000882,0,255,0.5462273,0.3921908140182495,CleanAndJerk
video_test_0000374,0,255,0.046621017,0.008264491,CleanAndJerk
video_test_0001038,0,255,0.563275,0.09090937674045563,CleanAndJerk
video_test_0000671,0,255,0.19125667,0.056572907,CleanAndJerk
video_test_0000591,46,255,0.040871866,0.008264512,CleanAndJerk
video_test_0001483,0,255,0.52804595,0.09090926498174667,CleanAndJerk
video_test_0000443,0,255,0.04727494,0.008264517,CleanAndJerk
video_test_0001522,0,255,0.42342526,0.09090948849916458,BaseballPitch
video_test_0000882,138,239,0.6201876,0.110982246696949,CleanAndJerk
video_test_0000617,0,255,0.044599432,0.008264506,SoccerPenalty
video_test_0000882,138,239,0.4775056,0.110982246696949,CleanAndJerk
video_test_0000635,0,255,0.4375476,0.09090938419103622,SoccerPenalty
video_test_0001247,0,255,0.038678236,0.008264492,CleanAndJerk
video_test_0000028,0,255,0.040323116,0.008264515,CleanAndJerk
video_test_0001307,0,255,0.046935044,0.008264508,SoccerPenalty
video_test_0000882,138,239,0.4213863,0.110982246696949,CleanAndJerk
video_test_0001072,0,255,0.0462615,0.008264525,CleanAndJerk
video_test_0000591,0,255,0.040871866,0.008264512,CleanAndJerk
video_test_0001247,0,255,0.044798832,0.008264492,CleanAndJerk
video_test_0001267,0,255,0.5073945,0.09090933203697205,CleanAndJerk
video_test_0000577,0,255,0.5557945,0.1712448000907898,CleanAndJerk
video_test_0000664,0,255,0.5347948,0.09090938419103622,CleanAndJerk
video_test_0000887,0,255,0.5523704,0.09090938419103622,CleanAndJerk
video_test_0000238,0,255,0.04583899,0.008264469,PoleVault
video_test_0000756,0,255,0.042576693,0.008264497,CleanAndJerk
video_test_0000664,0,255,0.5215292,0.09090938419103622,CleanAndJerk
video_test_0001307,0,255,0.04777499,0.008264508,SoccerPenalty
video_test_0000991,0,255,0.5383214,0.0909094288945198,CleanAndJerk
video_test_0001223,0,255,0.046805747,0.0082645025,CleanAndJerk
video_test_0001483,0,255,0.041266777,0.0082644755,CleanAndJerk
video_test_0000635,0,255,0.049323745,0.0082645165,SoccerPenalty
video_test_0000847,0,255,0.045458198,0.008264535,SoccerPenalty
video_test_0001123,0,255,0.5439965,0.09864646196365356,CleanAndJerk
video_test_0000443,0,255,0.04442859,0.008264517,CleanAndJerk
video_test_0000847,0,255,0.51600045,0.09090948849916458,SoccerPenalty
video_test_0000887,0,255,0.050350428,0.008264496,CleanAndJerk
video_test_0000987,0,255,0.44050837,0.09090946614742279,CleanAndJerk
video_test_0001163,0,255,0.04546465,0.00826451,CleanAndJerk
video_test_0000374,0,255,0.5456362,0.09090941399335861,CleanAndJerk
video_test_0000113,0,255,0.51787215,0.13460105657577515,CleanAndJerk
video_test_0001223,0,255,0.033630915,0.0082645025,CleanAndJerk
video_test_0001247,0,255,0.041849785,0.008264492,CleanAndJerk
video_test_0000617,0,255,0.49059245,0.09090933203697205,SoccerPenalty
video_test_0000374,0,255,0.55663115,0.09090941399335861,CleanAndJerk
video_test_0000635,0,255,0.048381675,0.0082645165,SoccerPenalty
video_test_0000873,0,255,0.04309184,0.008264527,SoccerPenalty
video_test_0000847,0,255,0.5629333,0.09090948849916458,SoccerPenalty
video_test_0000946,0,255,0.045128834,0.008264482,CleanAndJerk
video_test_0000270,0,255,0.55266523,0.15482543408870697,SoccerPenalty
video_test_0001182,0,255,0.42230266,0.09090935438871384,CleanAndJerk
video_test_0000028,0,255,0.04398085,0.008264515,CleanAndJerk
video_test_0000591,0,255,0.03843781,0.008264512,CleanAndJerk
video_test_0000701,0,255,0.49030668,0.09090955555438995,CleanAndJerk
video_test_0000964,0,255,0.039235238,0.00826449,CleanAndJerk
video_test_0001153,0,255,0.5319489,0.09090939164161682,CleanAndJerk
video_test_0001267,0,255,0.04784045,0.008264506,CleanAndJerk
video_test_0000577,90,251,0.60534185,0.1712448000907898,CleanAndJerk
video_test_0001522,0,255,0.04732218,0.008264484,BaseballPitch
video_test_0001118,0,255,0.5454072,0.09090928733348846,CleanAndJerk
video_test_0001163,0,255,0.048515238,0.00826451,CleanAndJerk
video_test_0001556,0,255,0.4812929,0.09090935438871384,SoccerPenalty
video_test_0000987,0,255,0.55369073,0.09090946614742279,CleanAndJerk
video_test_0000028,0,255,0.54961365,0.09090937674045563,CleanAndJerk
video_test_0001468,0,255,0.48137563,0.09090928733348846,SoccerPenalty
video_test_0000442,0,255,0.4857273,0.09090936183929443,CleanAndJerk
video_test_0000698,0,255,0.036567084,0.008264505,CleanAndJerk
video_test_0001522,0,255,0.04783332,0.008264484,BaseballPitch
video_test_0000873,0,255,0.040234204,0.008264527,SoccerPenalty
video_test_0000701,0,255,0.0385348,0.008264529,CleanAndJerk
video_test_0001182,0,255,0.49053496,0.09090935438871384,CleanAndJerk
video_test_0001162,0,255,0.10012487,0.016206212,CleanAndJerk
video_test_0001182,0,255,0.038391262,0.008264511,CleanAndJerk
video_test_0001556,0,255,0.37054577,0.09090935438871384,SoccerPenalty
video_test_0001123,0,255,0.5443696,0.09864646196365356,CleanAndJerk
video_test_0000946,0,255,0.045805607,0.008264482,CleanAndJerk
video_test_0001162,0,255,0.079182364,0.016206212,CleanAndJerk
video_test_0001182,0,255,0.047571663,0.008264511,CleanAndJerk
video_test_0000671,0,255,0.16457781,0.0498349,CleanAndJerk
video_test_0000737,0,255,0.050554037,0.008264493,CleanAndJerk
video_test_0000443,0,255,0.04205288,0.008264517,CleanAndJerk
video_test_0001522,0,255,0.5042363,0.09090948849916458,BaseballPitch
video_test_0001483,0,255,0.038902182,0.0082644755,CleanAndJerk
video_test_0001153,0,255,0.53736496,0.09090939164161682,CleanAndJerk
video_test_0000991,0,255,0.0356557,0.008264517,CleanAndJerk
video_test_0000374,0,255,0.04614174,0.008264491,CleanAndJerk
video_test_0000873,0,255,0.54712856,0.09090953320264816,SoccerPenalty
video_test_0001072,0,255,0.5254244,0.09090947359800339,CleanAndJerk
video_test_0000671,215,218,0.55906785,0.2871454060077667,CleanAndJerk
video_test_0001118,0,255,0.53670603,0.09090928733348846,CleanAndJerk
video_test_0000442,0,255,0.046438955,0.008264494,CleanAndJerk
video_test_0000541,0,255,0.046179034,0.008264504,SoccerPenalty
video_test_0000541,0,255,0.5042822,0.09090933948755264,SoccerPenalty
video_test_0000058,0,255,0.047579464,0.008264457,PoleVault
video_test_0000504,0,255,0.046839934,0.008264483,PoleVault
video_test_0000374,0,255,0.4926594,0.09090941399335861,CleanAndJerk
video_test_0000270,0,255,0.08301268,0.014075092,SoccerPenalty
video_test_0000319,2,255,0.038641535,0.008264487,CleanAndJerk
video_test_0000698,0,255,0.036783226,0.008264505,CleanAndJerk
video_test_0001163,0,255,0.5358054,0.0909094288945198,CleanAndJerk
video_test_0001247,0,255,0.42546,0.09090929478406906,CleanAndJerk
video_test_0000504,0,255,0.5574719,0.11659364402294159,PoleVault
video_test_0001307,12,255,0.037117556,0.008264508,SoccerPenalty
video_test_0001483,0,255,0.5263137,0.09090926498174667,CleanAndJerk
video_test_0001038,0,255,0.5013352,0.09090937674045563,CleanAndJerk
video_test_0000635,0,255,0.050437164,0.0082645165,SoccerPenalty
video_test_0000991,0,255,0.6030911,0.0909094288945198,CleanAndJerk
video_test_0001118,0,255,0.04601665,0.008264492,CleanAndJerk
video_test_0001123,0,255,0.49433723,0.09864646196365356,CleanAndJerk
video_test_0000541,0,255,0.030671688,0.008264504,SoccerPenalty
video_test_0000591,0,255,0.046331447,0.008264512,CleanAndJerk
video_test_0000591,0,255,0.41188848,0.09090940654277802,CleanAndJerk
video_test_0000617,0,255,0.044932563,0.008264506,SoccerPenalty
video_test_0000541,0,255,0.5485624,0.09090933948755264,SoccerPenalty
video_test_0000882,0,255,0.5613473,0.3921908140182495,CleanAndJerk
video_test_0000635,0,255,0.039777182,0.0082645165,SoccerPenalty
video_test_0001118,0,255,0.36377332,0.09090928733348846,CleanAndJerk
video_test_0000113,0,255,0.07030353,0.012236517,CleanAndJerk
video_test_0000324,0,255,0.42525223,0.09090935438871384,CleanAndJerk
video_test_0001080,0,255,0.40846556,0.09090933948755264,Billiards
video_test_0000270,0,255,0.044531688,0.008264524,SoccerPenalty
video_test_0001556,0,254,0.042245418,0.008264509,SoccerPenalty
video_test_0000964,0,255,0.050338153,0.00826449,CleanAndJerk
video_test_0000664,0,255,0.04566642,0.0082645165,CleanAndJerk
video_test_0000324,0,255,0.048352245,0.008264496,CleanAndJerk
video_test_0000113,236,242,0.44720066,0.13460105657577515,CleanAndJerk
video_test_0001118,0,255,0.50618243,0.09090928733348846,CleanAndJerk
video_test_0001483,0,255,0.45901132,0.09090926498174667,CleanAndJerk
video_test_0000882,0,255,0.21422532,0.035653844,CleanAndJerk
video_test_0000028,0,255,0.048693836,0.008264515,CleanAndJerk
video_test_0000270,0,255,0.064821176,0.014075092,SoccerPenalty
video_test_0000756,0,255,0.4683433,0.2094300240278244,CleanAndJerk
video_test_0000113,0,254,0.09376003,0.015511365,CleanAndJerk
video_test_0000946,0,255,0.5077332,0.0909091979265213,CleanAndJerk
video_test_0000374,0,255,0.41798466,0.09090941399335861,CleanAndJerk
video_test_0000028,0,255,0.04611658,0.008264515,CleanAndJerk
video_test_0000058,0,255,0.43774366,0.09090929478406906,PoleVault
video_test_0001483,0,255,0.0387406,0.0082644755,CleanAndJerk
video_test_0001153,0,255,0.049044266,0.00826451,CleanAndJerk
video_test_0000270,0,255,0.04132137,0.008264524,SoccerPenalty
video_test_0000324,0,255,0.39963725,0.09090935438871384,CleanAndJerk
video_test_0000372,0,255,0.5318326,0.09090939164161682,CleanAndJerk
video_test_0000987,0,255,0.034555055,0.008264509,CleanAndJerk
video_test_0001247,0,255,0.0447522,0.008264492,CleanAndJerk
video_test_0001556,0,255,0.51592153,0.09090935438871384,SoccerPenalty
video_test_0001123,0,255,0.52610934,0.09864646196365356,CleanAndJerk
video_test_0000113,0,255,0.484349,0.13460105657577515,CleanAndJerk
video_test_0000591,0,255,0.44958943,0.09090940654277802,CleanAndJerk
video_test_0001008,0,255,0.41826102,0.09090934693813324,CleanAndJerk
video_test_0001098,0,255,0.05202931,0.008264519,CleanAndJerk
video_test_0001153,0,255,0.50255525,0.09090939164161682,CleanAndJerk
video_test_0001247,0,255,0.041130878,0.008264492,CleanAndJerk
video_test_0001008,0,255,0.042132232,0.008264509,CleanAndJerk
video_test_0000671,0,255,0.57315147,0.2871454060077667,CleanAndJerk
video_test_0001522,0,255,0.41636008,0.09090948849916458,BaseballPitch
video_test_0000444,0,255,0.4968363,0.09090948104858398,CleanAndJerk
video_test_0000882,0,255,0.16539854,0.035653844,CleanAndJerk
video_test_0000946,0,255,0.49641657,0.0909091979265213,CleanAndJerk
video_test_0001038,0,255,0.052056428,0.0082644895,CleanAndJerk
video_test_0001072,0,255,0.04906656,0.008264525,CleanAndJerk
video_test_0001163,0,255,0.50118035,0.0909094288945198,CleanAndJerk
video_test_0001556,0,255,0.5464524,0.09090935438871384,SoccerPenalty
video_test_0000504,0,255,0.050679203,0.008264483,PoleVault
video_test_0001008,0,255,0.5127013,0.09090934693813324,CleanAndJerk
video_test_0000058,0,255,0.041427862,0.008264457,PoleVault
video_test_0000882,0,255,0.57769597,0.3921908140182495,CleanAndJerk
video_test_0000541,0,255,0.40386745,0.09090933948755264,SoccerPenalty
video_test_0000701,0,255,0.46626225,0.09090955555438995,CleanAndJerk
video_test_0000701,0,255,0.032337613,0.008264529,CleanAndJerk
video_test_0000443,0,255,0.5481906,0.09090939164161682,CleanAndJerk
video_test_0000113,236,242,0.5476952,0.13460105657577515,CleanAndJerk
video_test_0000664,0,255,0.0474119,0.0082645165,CleanAndJerk
video_test_0000756,0,255,0.51664096,0.2094300240278244,CleanAndJerk
video_test_0001038,0,255,0.04271921,0.0082644895,CleanAndJerk
video_test_0001038,0,255,0.043069117,0.0082644895,CleanAndJerk
video_test_0001072,0,255,0.42823583,0.09090947359800339,CleanAndJerk
video_test_0000882,138,239,0.53703547,0.110982246696949,CleanAndJerk
video_test_0000882,7,247,0.17296188,0.035653844,CleanAndJerk
video_test_0000756,0,255,0.604131,0.2094300240278244,CleanAndJerk
video_test_0001223,0,255,0.5139773,0.09090937674045563,CleanAndJerk
video_test_0000073,0,255,0.04008743,0.008264518,CleanAndJerk
video_test_0000372,0,255,0.048900843,0.008264509,CleanAndJerk
video_test_0000577,90,251,0.58441234,0.1712448000907898,CleanAndJerk
video_test_0000701,0,255,0.49863416,0.09090955555438995,CleanAndJerk
video_test_0001267,0,255,0.047833797,0.008264506,CleanAndJerk
video_test_0001267,0,255,0.046225075,0.008264506,CleanAndJerk
video_test_0001008,0,255,0.03837083,0.008264509,CleanAndJerk
video_test_0001468,0,255,0.049730502,0.008264499,SoccerPenalty
video_test_0001483,0,255,0.4473661,0.09090926498174667,CleanAndJerk
video_test_0001267,0,252,0.041659802,0.008264506,CleanAndJerk
video_test_0000238,0,255,0.38421422,0.09090939164161682,PoleVault
video_test_0001153,0,255,0.04565056,0.00826451,CleanAndJerk
video_test_0000737,0,255,0.56060797,0.09090925753116608,CleanAndJerk
video_test_0000701,0,255,0.048492245,0.008264529,CleanAndJerk
video_test_0000737,0,255,0.04632649,0.008264493,CleanAndJerk
video_test_0000756,0,255,0.11230153,0.01903916,CleanAndJerk
video_test_0001008,0,255,0.5725222,0.09090934693813324,CleanAndJerk
video_test_0000504,0,255,0.5612852,0.11659364402294159,PoleVault
video_test_0001162,0,255,0.5753524,0.1782674640417099,CleanAndJerk
video_test_0000591,0,255,0.4228149,0.09090940654277802,CleanAndJerk
video_test_0000319,0,255,0.048191708,0.008264487,CleanAndJerk
video_test_0000756,0,255,0.1145557,0.01903916,CleanAndJerk
video_test_0000991,0,255,0.5283086,0.0909094288945198,CleanAndJerk
video_test_0000737,0,255,0.04766221,0.008264493,CleanAndJerk
video_test_0000372,0,255,0.03826111,0.008264509,CleanAndJerk
video_test_0000873,0,255,0.44257498,0.09090953320264816,SoccerPenalty
video_test_0001163,0,255,0.04870968,0.00826451,CleanAndJerk
video_test_0001522,0,255,0.5261675,0.09090948849916458,BaseballPitch
video_test_0000073,0,255,0.048373565,0.008264518,CleanAndJerk
video_test_0000698,0,255,0.49790886,0.09090936183929443,CleanAndJerk
video_test_0000671,0,255,0.58346933,0.2871454060077667,CleanAndJerk
video_test_0000635,0,255,0.5066035,0.09090938419103622,SoccerPenalty
video_test_0001163,0,255,0.044808608,0.00826451,CleanAndJerk
video_test_0001522,0,255,0.52028763,0.09090948849916458,BaseballPitch
video_test_0000442,0,255,0.047028955,0.008264494,CleanAndJerk
video_test_0000635,0,255,0.04746564,0.0082645165,SoccerPenalty
video_test_0000577,90,251,0.6089412,0.1712448000907898,CleanAndJerk
video_test_0000964,0,255,0.04666993,0.00826449,CleanAndJerk
video_test_0001247,0,255,0.04894243,0.008264492,CleanAndJerk
video_test_0000028,0,255,0.52328277,0.09090937674045563,CleanAndJerk
video_test_0000577,0,255,0.09975274,0.018297108,CleanAndJerk
video_test_0001008,28,255,0.0428045,0.008264509,CleanAndJerk
video_test_0000991,0,255,0.5147576,0.0909094288945198,CleanAndJerk
video_test_0001267,0,255,0.5412875,0.09090933203697205,CleanAndJerk
video_test_0001223,0,255,0.03953142,0.0082645025,CleanAndJerk
video_test_0000073,0,255,0.047611285,0.008264518,CleanAndJerk
video_test_0000577,90,251,0.55877036,0.1712448000907898,CleanAndJerk
video_test_0001162,0,255,0.09895621,0.016206212,CleanAndJerk
video_test_0000591,0,255,0.5242289,0.09090940654277802,CleanAndJerk
video_test_0000946,0,255,0.5205385,0.0909091979265213,CleanAndJerk
video_test_0000028,0,255,0.037610583,0.008264515,CleanAndJerk
video_test_0000591,0,255,0.047266673,0.008264512,CleanAndJerk
video_test_0001247,0,255,0.045194075,0.008264492,CleanAndJerk
video_test_0000113,0,255,0.06970614,0.012236517,CleanAndJerk
video_test_0001182,0,255,0.04663109,0.008264511,CleanAndJerk
video_test_0001247,0,255,0.4927865,0.09090929478406906,CleanAndJerk
video_test_0000073,0,255,0.049335483,0.008264518,CleanAndJerk
video_test_0000443,0,254,0.03921345,0.008264517,CleanAndJerk
video_test_0001468,0,255,0.5470343,0.09090928733348846,SoccerPenalty
video_test_0001483,0,255,0.04940725,0.0082644755,CleanAndJerk
video_test_0000270,0,255,0.41867265,0.15482543408870697,SoccerPenalty
video_test_0001522,0,255,0.47048762,0.09090948849916458,BaseballPitch
video_test_0000113,0,255,0.44700736,0.13460105657577515,CleanAndJerk
video_test_0000374,0,255,0.045037612,0.008264491,CleanAndJerk
video_test_0001162,0,255,0.625305,0.1782674640417099,CleanAndJerk
video_test_0001556,0,255,0.49430764,0.09090935438871384,SoccerPenalty
video_test_0000238,0,255,0.5324523,0.09090939164161682,PoleVault
video_test_0000442,0,255,0.044157065,0.008264494,CleanAndJerk
video_test_0000444,0,255,0.5492863,0.09090948104858398,CleanAndJerk
video_test_0001223,0,255,0.45768768,0.09090937674045563,CleanAndJerk
video_test_0001556,0,255,0.048673026,0.008264509,SoccerPenalty
video_test_0000701,0,255,0.43194896,0.09090955555438995,CleanAndJerk
video_test_0001162,0,255,0.5520092,0.1782674640417099,CleanAndJerk
video_test_0000028,0,255,0.55536723,0.09090937674045563,CleanAndJerk
video_test_0000444,0,255,0.5618004,0.09090948104858398,CleanAndJerk
video_test_0000324,0,255,0.570065,0.09090935438871384,CleanAndJerk
video_test_0000270,0,255,0.08227062,0.014075092,SoccerPenalty
video_test_0000887,0,255,0.5543667,0.09090938419103622,CleanAndJerk
video_test_0000113,0,255,0.07862553,0.012609192,CleanAndJerk
video_test_0001008,0,255,0.04420397,0.008264509,CleanAndJerk
video_test_0000946,0,255,0.040738225,0.008264482,CleanAndJerk
video_test_0000238,0,255,0.04840463,0.008264469,PoleVault
video_test_0000664,0,255,0.0448224,0.0082645165,CleanAndJerk
video_test_0000946,0,255,0.04194838,0.008264482,CleanAndJerk
video_test_0000374,0,255,0.050602827,0.008264491,CleanAndJerk
video_test_0000635,0,255,0.52212036,0.09090938419103622,SoccerPenalty
video_test_0000028,0,255,0.4209851,0.09090937674045563,CleanAndJerk
video_test_0000444,0,255,0.5412436,0.09090948104858398,CleanAndJerk
video_test_0001223,0,255,0.035132777,0.0082645025,CleanAndJerk
video_test_0001223,0,255,0.045227606,0.0082645025,CleanAndJerk
video_test_0000443,0,255,0.040984947,0.008264517,CleanAndJerk
video_test_0000847,0,255,0.45604727,0.09090948849916458,SoccerPenalty
video_test_0001153,0,255,0.038516667,0.00826451,CleanAndJerk
video_test_0001098,0,255,0.05188962,0.008264519,CleanAndJerk
video_test_0000058,0,255,0.04374029,0.008264457,PoleVault
video_test_0001307,0,254,0.04024938,0.008264508,SoccerPenalty
video_test_0000058,0,255,0.047421172,0.008264457,PoleVault
video_test_0000847,0,255,0.553521,0.09090948849916458,SoccerPenalty
video_test_0001267,0,255,0.5566975,0.09090933203697205,CleanAndJerk
video_test_0000964,0,255,0.43158752,0.09090936928987503,CleanAndJerk
video_test_0000847,0,255,0.044849407,0.008264535,SoccerPenalty
video_test_0000991,0,255,0.39221156,0.0909094288945198,CleanAndJerk
video_test_0000238,0,255,0.04830317,0.008264469,PoleVault
video_test_0000238,0,255,0.04548377,0.008264469,PoleVault
video_test_0001118,0,255,0.045172654,0.008264492,CleanAndJerk
